rank,uid,title,year,venue,url,problem_claimed,actual_mechanism,hidden_assumptions,variables_treated_as_fixed,failure_modes_ignored,what_it_makes_less_novel,what_it_leaves_open
1,doi:10.70777/si.v2i4.15315,Critical Review: Cosmos-Reason1: From Physical Common Sense To Embodied Reasoning,2025,SuperIntelligence - Robotics - Safety & Alignment,https://doi.org/10.70777/si.v2i4.15315,Addresses physical reasoning for robots or a neighboring robotics mechanism.,"Prior work usually predicts, ranks, filters, or imitates observed behavior rather than preserving unrealized branches.",The observed outcome is enough to supervise the model.,"Contact mode support, embodiment limits, and deployment perturbations.","Branch collapse, hidden-mode shift, and tail-risk planning failures.",Generic world models and generic uncertainty are crowded.,Robotic common sense tests keeps action-critical alternatives explicit until a physical observation collapses them.
2,doi:10.1109/cvpr52734.2025.00165,SeqAfford: Sequential 3D Affordance Reasoning via Multimodal Large Language Model,2025,2025 IEEE/CVF Conference on Computer Vision and Pattern Recognition (CVPR),https://doi.org/10.1109/cvpr52734.2025.00165,Addresses physical reasoning for robots or a neighboring robotics mechanism.,"Prior work usually predicts, ranks, filters, or imitates observed behavior rather than preserving unrealized branches.",The observed outcome is enough to supervise the model.,"Contact mode support, embodiment limits, and deployment perturbations.","Branch collapse, hidden-mode shift, and tail-risk planning failures.",Generic world models and generic uncertainty are crowded.,Robotic common sense tests keeps action-critical alternatives explicit until a physical observation collapses them.
3,doi:10.1609/aaai.v39i27.35109,From Large Language Models to Large Action Models: Reasoning and Planning with Physical World Knowledge,2025,Proceedings of the AAAI Conference on Artificial Intelligence,https://doi.org/10.1609/aaai.v39i27.35109,Addresses physical reasoning for robots or a neighboring robotics mechanism.,"Prior work usually predicts, ranks, filters, or imitates observed behavior rather than preserving unrealized branches.",The observed outcome is enough to supervise the model.,"Contact mode support, embodiment limits, and deployment perturbations.","Branch collapse, hidden-mode shift, and tail-risk planning failures.",Generic world models and generic uncertainty are crowded.,Robotic common sense tests keeps action-critical alternatives explicit until a physical observation collapses them.
4,doi:10.1109/lra.2025.3604702,A Human-in-The-Loop Approach to Robot Action Replanning Through LLM Common-Sense Reasoning,2025,IEEE Robotics and Automation Letters,https://doi.org/10.1109/lra.2025.3604702,Addresses physical reasoning for robots or a neighboring robotics mechanism.,"Prior work usually predicts, ranks, filters, or imitates observed behavior rather than preserving unrealized branches.",The observed outcome is enough to supervise the model.,"Contact mode support, embodiment limits, and deployment perturbations.","Branch collapse, hidden-mode shift, and tail-risk planning failures.",Generic world models and generic uncertainty are crowded.,Robotic common sense tests keeps action-critical alternatives explicit until a physical observation collapses them.
5,arxiv:2512.01946v3,Scaling Cross-Environment Failure Reasoning Data for Vision-Language Robotic Manipulation,2025,arXiv,http://arxiv.org/abs/2512.01946v3,Addresses physical reasoning for robots or a neighboring robotics mechanism.,"Prior work usually predicts, ranks, filters, or imitates observed behavior rather than preserving unrealized branches.",The observed outcome is enough to supervise the model.,"Contact mode support, embodiment limits, and deployment perturbations.","Branch collapse, hidden-mode shift, and tail-risk planning failures.",Generic world models and generic uncertainty are crowded.,Robotic common sense tests keeps action-critical alternatives explicit until a physical observation collapses them.
6,doi:10.1007/978-981-97-8171-3_15,Common Sense Reasoning for Neuro-Symbolic AI,2025,Studies in Computational Intelligence Neuro-Symbolic Artificial Intelligence,https://doi.org/10.1007/978-981-97-8171-3_15,Addresses physical reasoning for robots or a neighboring robotics mechanism.,"Prior work usually predicts, ranks, filters, or imitates observed behavior rather than preserving unrealized branches.",The observed outcome is enough to supervise the model.,"Contact mode support, embodiment limits, and deployment perturbations.","Branch collapse, hidden-mode shift, and tail-risk planning failures.",Generic world models and generic uncertainty are crowded.,Robotic common sense tests keeps action-critical alternatives explicit until a physical observation collapses them.
7,arxiv:2503.06227v1,GAT-Grasp: Gesture-Driven Affordance Transfer for Task-Aware Robotic Grasping,2025,arXiv,http://arxiv.org/abs/2503.06227v1,Addresses physical reasoning for robots or a neighboring robotics mechanism.,"Prior work usually predicts, ranks, filters, or imitates observed behavior rather than preserving unrealized branches.",The observed outcome is enough to supervise the model.,"Contact mode support, embodiment limits, and deployment perturbations.","Branch collapse, hidden-mode shift, and tail-risk planning failures.",Generic world models and generic uncertainty are crowded.,Robotic common sense tests keeps action-critical alternatives explicit until a physical observation collapses them.
8,doi:10.1609/icaps.v34i1.31506,SayNav: Grounding Large Language Models for Dynamic Planning to Navigation in New Environments,2024,Proceedings of the International Conference on Automated Planning and Scheduling,https://doi.org/10.1609/icaps.v34i1.31506,Addresses physical reasoning for robots or a neighboring robotics mechanism.,"Prior work usually predicts, ranks, filters, or imitates observed behavior rather than preserving unrealized branches.",The observed outcome is enough to supervise the model.,"Contact mode support, embodiment limits, and deployment perturbations.","Branch collapse, hidden-mode shift, and tail-risk planning failures.",Generic world models and generic uncertainty are crowded.,Robotic common sense tests keeps action-critical alternatives explicit until a physical observation collapses them.
9,doi:10.3901/jme.2024.17.297,Affordance Reasoning-based Sequence Planning Manner for Human-robot Collaborative Disassembly,2024,Journal of Mechanical Engineering,https://doi.org/10.3901/jme.2024.17.297,Addresses physical reasoning for robots or a neighboring robotics mechanism.,"Prior work usually predicts, ranks, filters, or imitates observed behavior rather than preserving unrealized branches.",The observed outcome is enough to supervise the model.,"Contact mode support, embodiment limits, and deployment perturbations.","Branch collapse, hidden-mode shift, and tail-risk planning failures.",Generic world models and generic uncertainty are crowded.,Robotic common sense tests keeps action-critical alternatives explicit until a physical observation collapses them.
10,doi:10.1177/02783649211056967,Learning to solve sequential physical reasoning problems from a scene image,2021,The International Journal of Robotics Research,https://doi.org/10.1177/02783649211056967,Addresses physical reasoning for robots or a neighboring robotics mechanism.,"Prior work usually predicts, ranks, filters, or imitates observed behavior rather than preserving unrealized branches.",The observed outcome is enough to supervise the model.,"Contact mode support, embodiment limits, and deployment perturbations.","Branch collapse, hidden-mode shift, and tail-risk planning failures.",Generic world models and generic uncertainty are crowded.,Robotic common sense tests keeps action-critical alternatives explicit until a physical observation collapses them.
11,doi:10.1177/02783649241281508,"Foundation models in robotics: Applications, challenges, and the future",2025,The International Journal of Robotics Research,https://doi.org/10.1177/02783649241281508,Addresses physical reasoning for robots or a neighboring robotics mechanism.,"Prior work usually predicts, ranks, filters, or imitates observed behavior rather than preserving unrealized branches.",The observed outcome is enough to supervise the model.,"Contact mode support, embodiment limits, and deployment perturbations.","Branch collapse, hidden-mode shift, and tail-risk planning failures.",Generic world models and generic uncertainty are crowded.,Robotic common sense tests keeps action-critical alternatives explicit until a physical observation collapses them.
12,doi:10.1007/s40747-025-02093-3,Enhancing safety of vision-language reasoning through model-to-model deliberation,2025,Complex & Intelligent Systems,https://doi.org/10.1007/s40747-025-02093-3,Addresses physical reasoning for robots or a neighboring robotics mechanism.,"Prior work usually predicts, ranks, filters, or imitates observed behavior rather than preserving unrealized branches.",The observed outcome is enough to supervise the model.,"Contact mode support, embodiment limits, and deployment perturbations.","Branch collapse, hidden-mode shift, and tail-risk planning failures.",Generic world models and generic uncertainty are crowded.,Robotic common sense tests keeps action-critical alternatives explicit until a physical observation collapses them.
13,doi:10.7591/9781501745416-013,"11. The Language Model, the Geometric Model, and Common Sense",2019,Berkeley's Revolution in Vision,https://doi.org/10.7591/9781501745416-013,Addresses physical reasoning for robots or a neighboring robotics mechanism.,"Prior work usually predicts, ranks, filters, or imitates observed behavior rather than preserving unrealized branches.",The observed outcome is enough to supervise the model.,"Contact mode support, embodiment limits, and deployment perturbations.","Branch collapse, hidden-mode shift, and tail-risk planning failures.",Generic world models and generic uncertainty are crowded.,Robotic common sense tests keeps action-critical alternatives explicit until a physical observation collapses them.
14,doi:10.54254/2755-2721/2025.ast27134,Integrating Motion Planning in Vision Language Action Agents,2025,Applied and Computational Engineering,https://doi.org/10.54254/2755-2721/2025.ast27134,Addresses physical reasoning for robots or a neighboring robotics mechanism.,"Prior work usually predicts, ranks, filters, or imitates observed behavior rather than preserving unrealized branches.",The observed outcome is enough to supervise the model.,"Contact mode support, embodiment limits, and deployment perturbations.","Branch collapse, hidden-mode shift, and tail-risk planning failures.",Generic world models and generic uncertainty are crowded.,Robotic common sense tests keeps action-critical alternatives explicit until a physical observation collapses them.
15,doi:10.1016/j.cej.2026.176909,"Sense, think, and robot control: Multimodal material recognition sensing integrated with large language model reasoning",2026,Chemical Engineering Journal,https://doi.org/10.1016/j.cej.2026.176909,Addresses physical reasoning for robots or a neighboring robotics mechanism.,"Prior work usually predicts, ranks, filters, or imitates observed behavior rather than preserving unrealized branches.",The observed outcome is enough to supervise the model.,"Contact mode support, embodiment limits, and deployment perturbations.","Branch collapse, hidden-mode shift, and tail-risk planning failures.",Generic world models and generic uncertainty are crowded.,Robotic common sense tests keeps action-critical alternatives explicit until a physical observation collapses them.
16,arxiv:2603.04363v1,ManipulationNet: An Infrastructure for Benchmarking Real-World Robot Manipulation with Physical Skill Challenges and Embodied Multimodal Reasoning,2026,arXiv,http://arxiv.org/abs/2603.04363v1,Addresses physical reasoning for robots or a neighboring robotics mechanism.,"Prior work usually predicts, ranks, filters, or imitates observed behavior rather than preserving unrealized branches.",The observed outcome is enough to supervise the model.,"Contact mode support, embodiment limits, and deployment perturbations.","Branch collapse, hidden-mode shift, and tail-risk planning failures.",Generic world models and generic uncertainty are crowded.,Robotic common sense tests keeps action-critical alternatives explicit until a physical observation collapses them.
17,doi:10.1108/jstp-03-2025-0099,Robot service failure: interaction effect of robot language style and customers’ sense of humor on service failure recovery,2026,Journal of Service Theory and Practice,https://doi.org/10.1108/jstp-03-2025-0099,Addresses physical reasoning for robots or a neighboring robotics mechanism.,"Prior work usually predicts, ranks, filters, or imitates observed behavior rather than preserving unrealized branches.",The observed outcome is enough to supervise the model.,"Contact mode support, embodiment limits, and deployment perturbations.","Branch collapse, hidden-mode shift, and tail-risk planning failures.",Generic world models and generic uncertainty are crowded.,Robotic common sense tests keeps action-critical alternatives explicit until a physical observation collapses them.
18,doi:10.3986/pkn.v47.i3.04,Beyond the Ecology of Common Sense: Grasping the World from the Other Edge,2024,Primerjalna književnost,https://doi.org/10.3986/pkn.v47.i3.04,Addresses physical reasoning for robots or a neighboring robotics mechanism.,"Prior work usually predicts, ranks, filters, or imitates observed behavior rather than preserving unrealized branches.",The observed outcome is enough to supervise the model.,"Contact mode support, embodiment limits, and deployment perturbations.","Branch collapse, hidden-mode shift, and tail-risk planning failures.",Generic world models and generic uncertainty are crowded.,Robotic common sense tests keeps action-critical alternatives explicit until a physical observation collapses them.
19,doi:10.56028/aetr.15.1.1423.2025,RT-2: Vision-Language-Action Models for Generalizable Robotic Control: A Comprehensive Review,2025,Advances in Engineering Technology Research,https://doi.org/10.56028/aetr.15.1.1423.2025,Addresses physical reasoning for robots or a neighboring robotics mechanism.,"Prior work usually predicts, ranks, filters, or imitates observed behavior rather than preserving unrealized branches.",The observed outcome is enough to supervise the model.,"Contact mode support, embodiment limits, and deployment perturbations.","Branch collapse, hidden-mode shift, and tail-risk planning failures.",Generic world models and generic uncertainty are crowded.,Robotic common sense tests keeps action-critical alternatives explicit until a physical observation collapses them.
20,doi:10.1109/icra.2019.8794070,RoboCSE: Robot Common Sense Embedding,2019,,https://doi.org/10.1109/icra.2019.8794070,Addresses physical reasoning for robots or a neighboring robotics mechanism.,"Prior work usually predicts, ranks, filters, or imitates observed behavior rather than preserving unrealized branches.",The observed outcome is enough to supervise the model.,"Contact mode support, embodiment limits, and deployment perturbations.","Branch collapse, hidden-mode shift, and tail-risk planning failures.",Generic world models and generic uncertainty are crowded.,Robotic common sense tests keeps action-critical alternatives explicit until a physical observation collapses them.
21,arxiv:2604.25788v2,KinDER: A Physical Reasoning Benchmark for Robot Learning and Planning,2026,arXiv,http://arxiv.org/abs/2604.25788v2,Addresses physical reasoning for robots or a neighboring robotics mechanism.,"Prior work usually predicts, ranks, filters, or imitates observed behavior rather than preserving unrealized branches.",The observed outcome is enough to supervise the model.,"Contact mode support, embodiment limits, and deployment perturbations.","Branch collapse, hidden-mode shift, and tail-risk planning failures.",Generic world models and generic uncertainty are crowded.,Robotic common sense tests keeps action-critical alternatives explicit until a physical observation collapses them.
22,doi:10.1016/j.imavis.2014.10.010,The Cognitive Dialogue: A new model for vision implementing common sense reasoning,2015,Image and Vision Computing,https://doi.org/10.1016/j.imavis.2014.10.010,Addresses physical reasoning for robots or a neighboring robotics mechanism.,"Prior work usually predicts, ranks, filters, or imitates observed behavior rather than preserving unrealized branches.",The observed outcome is enough to supervise the model.,"Contact mode support, embodiment limits, and deployment perturbations.","Branch collapse, hidden-mode shift, and tail-risk planning failures.",Generic world models and generic uncertainty are crowded.,Robotic common sense tests keeps action-critical alternatives explicit until a physical observation collapses them.
23,doi:10.1177/02783649231212929,Semantic constraints to represent common sense required in household actions for multimodal learning-from-observation robot,2024,The International Journal of Robotics Research,https://doi.org/10.1177/02783649231212929,Addresses physical reasoning for robots or a neighboring robotics mechanism.,"Prior work usually predicts, ranks, filters, or imitates observed behavior rather than preserving unrealized branches.",The observed outcome is enough to supervise the model.,"Contact mode support, embodiment limits, and deployment perturbations.","Branch collapse, hidden-mode shift, and tail-risk planning failures.",Generic world models and generic uncertainty are crowded.,Robotic common sense tests keeps action-critical alternatives explicit until a physical observation collapses them.
24,doi:10.1109/cvpr52733.2024.00915,LISA: Reasoning Segmentation via Large Language Model,2024,2024 IEEE/CVF Conference on Computer Vision and Pattern Recognition (CVPR),https://doi.org/10.1109/cvpr52733.2024.00915,Addresses physical reasoning for robots or a neighboring robotics mechanism.,"Prior work usually predicts, ranks, filters, or imitates observed behavior rather than preserving unrealized branches.",The observed outcome is enough to supervise the model.,"Contact mode support, embodiment limits, and deployment perturbations.","Branch collapse, hidden-mode shift, and tail-risk planning failures.",Generic world models and generic uncertainty are crowded.,Robotic common sense tests keeps action-critical alternatives explicit until a physical observation collapses them.
25,doi:10.1142/s0219843625400146,Emotion Change Reasoning in Chinese Multi-Turn Dialogue via Multi-Task Parameter-Efficient Fine-Tuning of Large Language Models,2025,International Journal of Humanoid Robotics,https://doi.org/10.1142/s0219843625400146,Addresses physical reasoning for robots or a neighboring robotics mechanism.,"Prior work usually predicts, ranks, filters, or imitates observed behavior rather than preserving unrealized branches.",The observed outcome is enough to supervise the model.,"Contact mode support, embodiment limits, and deployment perturbations.","Branch collapse, hidden-mode shift, and tail-risk planning failures.",Generic world models and generic uncertainty are crowded.,Robotic common sense tests keeps action-critical alternatives explicit until a physical observation collapses them.
26,doi:10.1371/journal.pone.0335775,Benchmarking large-language-model vision capabilities in oral and maxillofacial anatomy: A cross-sectional study,2025,PLOS One,https://doi.org/10.1371/journal.pone.0335775,Addresses physical reasoning for robots or a neighboring robotics mechanism.,"Prior work usually predicts, ranks, filters, or imitates observed behavior rather than preserving unrealized branches.",The observed outcome is enough to supervise the model.,"Contact mode support, embodiment limits, and deployment perturbations.","Branch collapse, hidden-mode shift, and tail-risk planning failures.",Generic world models and generic uncertainty are crowded.,Robotic common sense tests keeps action-critical alternatives explicit until a physical observation collapses them.
27,arxiv:2604.21873v1,Grounding Video Reasoning in Physical Signals,2026,arXiv,http://arxiv.org/abs/2604.21873v1,Addresses physical reasoning for robots or a neighboring robotics mechanism.,"Prior work usually predicts, ranks, filters, or imitates observed behavior rather than preserving unrealized branches.",The observed outcome is enough to supervise the model.,"Contact mode support, embodiment limits, and deployment perturbations.","Branch collapse, hidden-mode shift, and tail-risk planning failures.",Generic world models and generic uncertainty are crowded.,Robotic common sense tests keeps action-critical alternatives explicit until a physical observation collapses them.
28,doi:10.1007/s11633-022-1362-z,Causal Reasoning Meets Visual Representation Learning: A Prospective Study,2022,Machine Intelligence Research,https://doi.org/10.1007/s11633-022-1362-z,Addresses physical reasoning for robots or a neighboring robotics mechanism.,"Prior work usually predicts, ranks, filters, or imitates observed behavior rather than preserving unrealized branches.",The observed outcome is enough to supervise the model.,"Contact mode support, embodiment limits, and deployment perturbations.","Branch collapse, hidden-mode shift, and tail-risk planning failures.",Generic world models and generic uncertainty are crowded.,Robotic common sense tests keeps action-critical alternatives explicit until a physical observation collapses them.
29,doi:10.1109/cvpr52733.2024.01763,ExACT: Language-Guided Conceptual Reasoning and Uncertainty Estimation for Event-Based Action Recognition and More,2024,2024 IEEE/CVF Conference on Computer Vision and Pattern Recognition (CVPR),https://doi.org/10.1109/cvpr52733.2024.01763,Addresses physical reasoning for robots or a neighboring robotics mechanism.,"Prior work usually predicts, ranks, filters, or imitates observed behavior rather than preserving unrealized branches.",The observed outcome is enough to supervise the model.,"Contact mode support, embodiment limits, and deployment perturbations.","Branch collapse, hidden-mode shift, and tail-risk planning failures.",Generic world models and generic uncertainty are crowded.,Robotic common sense tests keeps action-critical alternatives explicit until a physical observation collapses them.
30,doi:10.3390/ai7040131,LLM-Based Control for Simulated Physical Reasoning: Modular Evaluation in the NeurIPS Embodied Agent Interface Challenge,2026,AI,https://doi.org/10.3390/ai7040131,Addresses physical reasoning for robots or a neighboring robotics mechanism.,"Prior work usually predicts, ranks, filters, or imitates observed behavior rather than preserving unrealized branches.",The observed outcome is enough to supervise the model.,"Contact mode support, embodiment limits, and deployment perturbations.","Branch collapse, hidden-mode shift, and tail-risk planning failures.",Generic world models and generic uncertainty are crowded.,Robotic common sense tests keeps action-critical alternatives explicit until a physical observation collapses them.
31,doi:10.1609/aaai.v40i22.38896,GraphCoT-VLA: A 3D Spatial-Aware Reasoning Vision-Language-Action Model for Robotic Manipulation with Ambiguous Instructions,2026,Proceedings of the AAAI Conference on Artificial Intelligence,https://doi.org/10.1609/aaai.v40i22.38896,Addresses physical reasoning for robots or a neighboring robotics mechanism.,"Prior work usually predicts, ranks, filters, or imitates observed behavior rather than preserving unrealized branches.",The observed outcome is enough to supervise the model.,"Contact mode support, embodiment limits, and deployment perturbations.","Branch collapse, hidden-mode shift, and tail-risk planning failures.",Generic world models and generic uncertainty are crowded.,Robotic common sense tests keeps action-critical alternatives explicit until a physical observation collapses them.
32,doi:10.1007/s11370-026-00707-4,Oracle-grasp: zero-shot affordance-aligned robotic grasping using large multimodal models,2026,Intelligent Service Robotics,https://doi.org/10.1007/s11370-026-00707-4,Addresses physical reasoning for robots or a neighboring robotics mechanism.,"Prior work usually predicts, ranks, filters, or imitates observed behavior rather than preserving unrealized branches.",The observed outcome is enough to supervise the model.,"Contact mode support, embodiment limits, and deployment perturbations.","Branch collapse, hidden-mode shift, and tail-risk planning failures.",Generic world models and generic uncertainty are crowded.,Robotic common sense tests keeps action-critical alternatives explicit until a physical observation collapses them.
33,doi:10.62311/nesx/rb-978-81-992251-0-7,Intelligent Robotics and Autonomous Systems: From Cognitive Machines to Surgical Precision,2025,,https://doi.org/10.62311/nesx/rb-978-81-992251-0-7,Addresses physical reasoning for robots or a neighboring robotics mechanism.,"Prior work usually predicts, ranks, filters, or imitates observed behavior rather than preserving unrealized branches.",The observed outcome is enough to supervise the model.,"Contact mode support, embodiment limits, and deployment perturbations.","Branch collapse, hidden-mode shift, and tail-risk planning failures.",Generic world models and generic uncertainty are crowded.,Robotic common sense tests keeps action-critical alternatives explicit until a physical observation collapses them.
34,doi:10.3390/s25196163,VLA-MP: A Vision-Language-Action Framework for Multimodal Perception and Physics-Constrained Action Generation in Autonomous Driving,2025,Sensors,https://doi.org/10.3390/s25196163,Addresses physical reasoning for robots or a neighboring robotics mechanism.,"Prior work usually predicts, ranks, filters, or imitates observed behavior rather than preserving unrealized branches.",The observed outcome is enough to supervise the model.,"Contact mode support, embodiment limits, and deployment perturbations.","Branch collapse, hidden-mode shift, and tail-risk planning failures.",Generic world models and generic uncertainty are crowded.,Robotic common sense tests keeps action-critical alternatives explicit until a physical observation collapses them.
35,doi:10.1016/j.artint.2016.07.002,Artificial cognition for social human–robot interaction: An implementation,2016,Artificial Intelligence,https://doi.org/10.1016/j.artint.2016.07.002,Addresses physical reasoning for robots or a neighboring robotics mechanism.,"Prior work usually predicts, ranks, filters, or imitates observed behavior rather than preserving unrealized branches.",The observed outcome is enough to supervise the model.,"Contact mode support, embodiment limits, and deployment perturbations.","Branch collapse, hidden-mode shift, and tail-risk planning failures.",Generic world models and generic uncertainty are crowded.,Robotic common sense tests keeps action-critical alternatives explicit until a physical observation collapses them.
36,doi:10.3390/jcm15114082,Language-Specific Differences in Large Language Model Diagnostic Reasoning: A Translation-Controlled Clinical Vignette Study,2026,Journal of Clinical Medicine,https://doi.org/10.3390/jcm15114082,Addresses physical reasoning for robots or a neighboring robotics mechanism.,"Prior work usually predicts, ranks, filters, or imitates observed behavior rather than preserving unrealized branches.",The observed outcome is enough to supervise the model.,"Contact mode support, embodiment limits, and deployment perturbations.","Branch collapse, hidden-mode shift, and tail-risk planning failures.",Generic world models and generic uncertainty are crowded.,Robotic common sense tests keeps action-critical alternatives explicit until a physical observation collapses them.
37,arxiv:2510.22631v1,Culturally Grounded Physical Commonsense Reasoning in Italian and English: A Submission to the MRL 2025 Shared Task,2025,arXiv,http://arxiv.org/abs/2510.22631v1,Addresses physical reasoning for robots or a neighboring robotics mechanism.,"Prior work usually predicts, ranks, filters, or imitates observed behavior rather than preserving unrealized branches.",The observed outcome is enough to supervise the model.,"Contact mode support, embodiment limits, and deployment perturbations.","Branch collapse, hidden-mode shift, and tail-risk planning failures.",Generic world models and generic uncertainty are crowded.,Robotic common sense tests keeps action-critical alternatives explicit until a physical observation collapses them.
38,arxiv:2312.07843v1,"Foundation Models in Robotics: Applications, Challenges, and the Future",2023,arXiv,http://arxiv.org/abs/2312.07843v1,Addresses physical reasoning for robots or a neighboring robotics mechanism.,"Prior work usually predicts, ranks, filters, or imitates observed behavior rather than preserving unrealized branches.",The observed outcome is enough to supervise the model.,"Contact mode support, embodiment limits, and deployment perturbations.","Branch collapse, hidden-mode shift, and tail-risk planning failures.",Generic world models and generic uncertainty are crowded.,Robotic common sense tests keeps action-critical alternatives explicit until a physical observation collapses them.
39,doi:10.1109/lra.2019.2933815,Learning Grasp Affordance Reasoning Through Semantic Relations,2019,IEEE Robotics and Automation Letters,https://doi.org/10.1109/lra.2019.2933815,Addresses physical reasoning for robots or a neighboring robotics mechanism.,"Prior work usually predicts, ranks, filters, or imitates observed behavior rather than preserving unrealized branches.",The observed outcome is enough to supervise the model.,"Contact mode support, embodiment limits, and deployment perturbations.","Branch collapse, hidden-mode shift, and tail-risk planning failures.",Generic world models and generic uncertainty are crowded.,Robotic common sense tests keeps action-critical alternatives explicit until a physical observation collapses them.
40,doi:10.1093/ptj/pzy148,Clinical Reasoning in Physical Therapy: A Concept Analysis,2019,Physical Therapy,https://doi.org/10.1093/ptj/pzy148,Addresses physical reasoning for robots or a neighboring robotics mechanism.,"Prior work usually predicts, ranks, filters, or imitates observed behavior rather than preserving unrealized branches.",The observed outcome is enough to supervise the model.,"Contact mode support, embodiment limits, and deployment perturbations.","Branch collapse, hidden-mode shift, and tail-risk planning failures.",Generic world models and generic uncertainty are crowded.,Robotic common sense tests keeps action-critical alternatives explicit until a physical observation collapses them.
41,doi:10.1038/s42256-024-00964-x,Causal chambers as a real-world physical testbed for AI methodology,2025,Nature Machine Intelligence,https://doi.org/10.1038/s42256-024-00964-x,Addresses physical reasoning for robots or a neighboring robotics mechanism.,"Prior work usually predicts, ranks, filters, or imitates observed behavior rather than preserving unrealized branches.",The observed outcome is enough to supervise the model.,"Contact mode support, embodiment limits, and deployment perturbations.","Branch collapse, hidden-mode shift, and tail-risk planning failures.",Generic world models and generic uncertainty are crowded.,Robotic common sense tests keeps action-critical alternatives explicit until a physical observation collapses them.
42,doi:10.1007/s10584-021-03226-6,Bringing physical reasoning into statistical practice in climate-change science,2021,Climatic Change,https://doi.org/10.1007/s10584-021-03226-6,Addresses physical reasoning for robots or a neighboring robotics mechanism.,"Prior work usually predicts, ranks, filters, or imitates observed behavior rather than preserving unrealized branches.",The observed outcome is enough to supervise the model.,"Contact mode support, embodiment limits, and deployment perturbations.","Branch collapse, hidden-mode shift, and tail-risk planning failures.",Generic world models and generic uncertainty are crowded.,Robotic common sense tests keeps action-critical alternatives explicit until a physical observation collapses them.
43,doi:10.1037/rev0000027,Tool use and affordance: Manipulation-based versus reasoning-based approaches.,2016,Psychological Review,https://doi.org/10.1037/rev0000027,Addresses physical reasoning for robots or a neighboring robotics mechanism.,"Prior work usually predicts, ranks, filters, or imitates observed behavior rather than preserving unrealized branches.",The observed outcome is enough to supervise the model.,"Contact mode support, embodiment limits, and deployment perturbations.","Branch collapse, hidden-mode shift, and tail-risk planning failures.",Generic world models and generic uncertainty are crowded.,Robotic common sense tests keeps action-critical alternatives explicit until a physical observation collapses them.
44,doi:10.1109/cvpr52734.2025.00166,CoT-VLA: Visual Chain-of-Thought Reasoning for Vision-Language-Action Models,2025,2025 IEEE/CVF Conference on Computer Vision and Pattern Recognition (CVPR),https://doi.org/10.1109/cvpr52734.2025.00166,Addresses physical reasoning for robots or a neighboring robotics mechanism.,"Prior work usually predicts, ranks, filters, or imitates observed behavior rather than preserving unrealized branches.",The observed outcome is enough to supervise the model.,"Contact mode support, embodiment limits, and deployment perturbations.","Branch collapse, hidden-mode shift, and tail-risk planning failures.",Generic world models and generic uncertainty are crowded.,Robotic common sense tests keeps action-critical alternatives explicit until a physical observation collapses them.
45,doi:10.21203/rs.3.rs-1671264/v1,Phy-Q: A Testbed for Physical Reasoning,,,https://doi.org/10.21203/rs.3.rs-1671264/v1,Addresses physical reasoning for robots or a neighboring robotics mechanism.,"Prior work usually predicts, ranks, filters, or imitates observed behavior rather than preserving unrealized branches.",The observed outcome is enough to supervise the model.,"Contact mode support, embodiment limits, and deployment perturbations.","Branch collapse, hidden-mode shift, and tail-risk planning failures.",Generic world models and generic uncertainty are crowded.,Robotic common sense tests keeps action-critical alternatives explicit until a physical observation collapses them.
46,doi:10.66279/292sm294,Vision Language Action Models for Embodied Intelligence A Structured Taxonomy Critical Analysis and Future Research Directions,2026,Computational Discovery and Intelligent Systems (CDIS),https://doi.org/10.66279/292sm294,Addresses physical reasoning for robots or a neighboring robotics mechanism.,"Prior work usually predicts, ranks, filters, or imitates observed behavior rather than preserving unrealized branches.",The observed outcome is enough to supervise the model.,"Contact mode support, embodiment limits, and deployment perturbations.","Branch collapse, hidden-mode shift, and tail-risk planning failures.",Generic world models and generic uncertainty are crowded.,Robotic common sense tests keeps action-critical alternatives explicit until a physical observation collapses them.
47,doi:10.36227/techrxiv.176106902.20394622/v1,Exploring the Future of Robotics through Physics Informed Vision Based Foundations,,,https://doi.org/10.36227/techrxiv.176106902.20394622/v1,Addresses physical reasoning for robots or a neighboring robotics mechanism.,"Prior work usually predicts, ranks, filters, or imitates observed behavior rather than preserving unrealized branches.",The observed outcome is enough to supervise the model.,"Contact mode support, embodiment limits, and deployment perturbations.","Branch collapse, hidden-mode shift, and tail-risk planning failures.",Generic world models and generic uncertainty are crowded.,Robotic common sense tests keeps action-critical alternatives explicit until a physical observation collapses them.
48,doi:10.48550/arxiv.2401.00125,LLM-Assist: Enhancing Closed-Loop Planning with Language-Based Reasoning,2023,arXiv (Cornell University),https://doi.org/10.48550/arxiv.2401.00125,Addresses physical reasoning for robots or a neighboring robotics mechanism.,"Prior work usually predicts, ranks, filters, or imitates observed behavior rather than preserving unrealized branches.",The observed outcome is enough to supervise the model.,"Contact mode support, embodiment limits, and deployment perturbations.","Branch collapse, hidden-mode shift, and tail-risk planning failures.",Generic world models and generic uncertainty are crowded.,Robotic common sense tests keeps action-critical alternatives explicit until a physical observation collapses them.
49,doi:10.18653/v1/2023.emnlp-main.906,UniChart: A Universal Vision-language Pretrained Model for Chart Comprehension and Reasoning,2023,Proceedings of the 2023 Conference on Empirical Methods in Natural Language Processing,https://doi.org/10.18653/v1/2023.emnlp-main.906,Addresses physical reasoning for robots or a neighboring robotics mechanism.,"Prior work usually predicts, ranks, filters, or imitates observed behavior rather than preserving unrealized branches.",The observed outcome is enough to supervise the model.,"Contact mode support, embodiment limits, and deployment perturbations.","Branch collapse, hidden-mode shift, and tail-risk planning failures.",Generic world models and generic uncertainty are crowded.,Robotic common sense tests keeps action-critical alternatives explicit until a physical observation collapses them.
50,doi:10.3390/robotics14030024,Agentic Workflows for Improving Large Language Model Reasoning in Robotic Object-Centered Planning,2025,Robotics,https://doi.org/10.3390/robotics14030024,Addresses physical reasoning for robots or a neighboring robotics mechanism.,"Prior work usually predicts, ranks, filters, or imitates observed behavior rather than preserving unrealized branches.",The observed outcome is enough to supervise the model.,"Contact mode support, embodiment limits, and deployment perturbations.","Branch collapse, hidden-mode shift, and tail-risk planning failures.",Generic world models and generic uncertainty are crowded.,Robotic common sense tests keeps action-critical alternatives explicit until a physical observation collapses them.
51,doi:10.1016/j.inffus.2026.104193,Information-theoretic graph fusion with vision-language-action model for policy reasoning and dual robotic control,2026,Information Fusion,https://doi.org/10.1016/j.inffus.2026.104193,Addresses physical reasoning for robots or a neighboring robotics mechanism.,"Prior work usually predicts, ranks, filters, or imitates observed behavior rather than preserving unrealized branches.",The observed outcome is enough to supervise the model.,"Contact mode support, embodiment limits, and deployment perturbations.","Branch collapse, hidden-mode shift, and tail-risk planning failures.",Generic world models and generic uncertainty are crowded.,Robotic common sense tests keeps action-critical alternatives explicit until a physical observation collapses them.
52,doi:10.2139/ssrn.5287999,Fuzzy-Logic-Based Model Predictive Control: A Paradigm Integrating Optimal and Common-Sense Decision Making,,,https://doi.org/10.2139/ssrn.5287999,Addresses physical reasoning for robots or a neighboring robotics mechanism.,"Prior work usually predicts, ranks, filters, or imitates observed behavior rather than preserving unrealized branches.",The observed outcome is enough to supervise the model.,"Contact mode support, embodiment limits, and deployment perturbations.","Branch collapse, hidden-mode shift, and tail-risk planning failures.",Generic world models and generic uncertainty are crowded.,Robotic common sense tests keeps action-critical alternatives explicit until a physical observation collapses them.
53,doi:10.55274/r0010819,PR-408-124500-R01 Mechanical Damage Instantaneous Failure Model Numerical Simulation of Physical Tests,2013,,https://doi.org/10.55274/r0010819,Addresses physical reasoning for robots or a neighboring robotics mechanism.,"Prior work usually predicts, ranks, filters, or imitates observed behavior rather than preserving unrealized branches.",The observed outcome is enough to supervise the model.,"Contact mode support, embodiment limits, and deployment perturbations.","Branch collapse, hidden-mode shift, and tail-risk planning failures.",Generic world models and generic uncertainty are crowded.,Robotic common sense tests keeps action-critical alternatives explicit until a physical observation collapses them.
54,doi:10.3390/s21030816,Affordance-Based Grasping Point Detection Using Graph Convolutional Networks for Industrial Bin-Picking Applications,2021,Sensors,https://doi.org/10.3390/s21030816,Addresses physical reasoning for robots or a neighboring robotics mechanism.,"Prior work usually predicts, ranks, filters, or imitates observed behavior rather than preserving unrealized branches.",The observed outcome is enough to supervise the model.,"Contact mode support, embodiment limits, and deployment perturbations.","Branch collapse, hidden-mode shift, and tail-risk planning failures.",Generic world models and generic uncertainty are crowded.,Robotic common sense tests keeps action-critical alternatives explicit until a physical observation collapses them.
55,title:robotics and the common sense informatic situation,Robotics and the Common Sense Informatic Situation.,1996,,https://openalex.org/W1826200008,Addresses physical reasoning for robots or a neighboring robotics mechanism.,"Prior work usually predicts, ranks, filters, or imitates observed behavior rather than preserving unrealized branches.",The observed outcome is enough to supervise the model.,"Contact mode support, embodiment limits, and deployment perturbations.","Branch collapse, hidden-mode shift, and tail-risk planning failures.",Generic world models and generic uncertainty are crowded.,Robotic common sense tests keeps action-critical alternatives explicit until a physical observation collapses them.
56,doi:10.1109/iros58592.2024.10801328,LLM 3 : Large Language Model-based Task and Motion Planning with Motion Failure Reasoning,2024,2024 IEEE/RSJ International Conference on Intelligent Robots and Systems (IROS),https://doi.org/10.1109/iros58592.2024.10801328,Addresses physical reasoning for robots or a neighboring robotics mechanism.,"Prior work usually predicts, ranks, filters, or imitates observed behavior rather than preserving unrealized branches.",The observed outcome is enough to supervise the model.,"Contact mode support, embodiment limits, and deployment perturbations.","Branch collapse, hidden-mode shift, and tail-risk planning failures.",Generic world models and generic uncertainty are crowded.,Robotic common sense tests keeps action-critical alternatives explicit until a physical observation collapses them.
57,arxiv:2505.10547v2,Real-Time Out-of-Distribution Failure Prevention via Multi-Modal Reasoning,2025,arXiv,http://arxiv.org/abs/2505.10547v2,Addresses physical reasoning for robots or a neighboring robotics mechanism.,"Prior work usually predicts, ranks, filters, or imitates observed behavior rather than preserving unrealized branches.",The observed outcome is enough to supervise the model.,"Contact mode support, embodiment limits, and deployment perturbations.","Branch collapse, hidden-mode shift, and tail-risk planning failures.",Generic world models and generic uncertainty are crowded.,Robotic common sense tests keeps action-critical alternatives explicit until a physical observation collapses them.
58,arxiv:2603.14523v1,VLA-Thinker: Boosting Vision-Language-Action Models through Thinking-with-Image Reasoning,2026,arXiv,http://arxiv.org/abs/2603.14523v1,Addresses physical reasoning for robots or a neighboring robotics mechanism.,"Prior work usually predicts, ranks, filters, or imitates observed behavior rather than preserving unrealized branches.",The observed outcome is enough to supervise the model.,"Contact mode support, embodiment limits, and deployment perturbations.","Branch collapse, hidden-mode shift, and tail-risk planning failures.",Generic world models and generic uncertainty are crowded.,Robotic common sense tests keeps action-critical alternatives explicit until a physical observation collapses them.
59,arxiv:2601.07821v1,Failure-Aware RL: Reliable Offline-to-Online Reinforcement Learning with Self-Recovery for Real-World Manipulation,2026,arXiv,http://arxiv.org/abs/2601.07821v1,Addresses physical reasoning for robots or a neighboring robotics mechanism.,"Prior work usually predicts, ranks, filters, or imitates observed behavior rather than preserving unrealized branches.",The observed outcome is enough to supervise the model.,"Contact mode support, embodiment limits, and deployment perturbations.","Branch collapse, hidden-mode shift, and tail-risk planning failures.",Generic world models and generic uncertainty are crowded.,Robotic common sense tests keeps action-critical alternatives explicit until a physical observation collapses them.
60,doi:10.1142/s2705078524500024,A Social Self-Awareness Agent with Embodied Reasoning,2024,Journal of Artificial Intelligence and Consciousness,https://doi.org/10.1142/s2705078524500024,Addresses physical reasoning for robots or a neighboring robotics mechanism.,"Prior work usually predicts, ranks, filters, or imitates observed behavior rather than preserving unrealized branches.",The observed outcome is enough to supervise the model.,"Contact mode support, embodiment limits, and deployment perturbations.","Branch collapse, hidden-mode shift, and tail-risk planning failures.",Generic world models and generic uncertainty are crowded.,Robotic common sense tests keeps action-critical alternatives explicit until a physical observation collapses them.
61,doi:10.1126/scirobotics.adn4008,Intrinsic sense of touch for intuitive physical human-robot interaction,2024,Science Robotics,https://doi.org/10.1126/scirobotics.adn4008,Addresses physical reasoning for robots or a neighboring robotics mechanism.,"Prior work usually predicts, ranks, filters, or imitates observed behavior rather than preserving unrealized branches.",The observed outcome is enough to supervise the model.,"Contact mode support, embodiment limits, and deployment perturbations.","Branch collapse, hidden-mode shift, and tail-risk planning failures.",Generic world models and generic uncertainty are crowded.,Robotic common sense tests keeps action-critical alternatives explicit until a physical observation collapses them.
62,arxiv:2510.05827v1,VCoT-Grasp: Grasp Foundation Models with Visual Chain-of-Thought Reasoning for Language-driven Grasp Generation,2025,arXiv,http://arxiv.org/abs/2510.05827v1,Addresses physical reasoning for robots or a neighboring robotics mechanism.,"Prior work usually predicts, ranks, filters, or imitates observed behavior rather than preserving unrealized branches.",The observed outcome is enough to supervise the model.,"Contact mode support, embodiment limits, and deployment perturbations.","Branch collapse, hidden-mode shift, and tail-risk planning failures.",Generic world models and generic uncertainty are crowded.,Robotic common sense tests keeps action-critical alternatives explicit until a physical observation collapses them.
63,doi:10.1109/cvprw63382.2024.00183,LLM-Seg: Bridging Image Segmentation and Large Language Model Reasoning,2024,2024 IEEE/CVF Conference on Computer Vision and Pattern Recognition Workshops (CVPRW),https://doi.org/10.1109/cvprw63382.2024.00183,Addresses physical reasoning for robots or a neighboring robotics mechanism.,"Prior work usually predicts, ranks, filters, or imitates observed behavior rather than preserving unrealized branches.",The observed outcome is enough to supervise the model.,"Contact mode support, embodiment limits, and deployment perturbations.","Branch collapse, hidden-mode shift, and tail-risk planning failures.",Generic world models and generic uncertainty are crowded.,Robotic common sense tests keeps action-critical alternatives explicit until a physical observation collapses them.
64,doi:10.1007/s10846-020-01250-9,Nonlinear Model Predictive Control with Enhanced Actuator Model for Multi-Rotor Aerial Vehicles with Generic Designs,2020,Journal of Intelligent & Robotic Systems,https://doi.org/10.1007/s10846-020-01250-9,Addresses physical reasoning for robots or a neighboring robotics mechanism.,"Prior work usually predicts, ranks, filters, or imitates observed behavior rather than preserving unrealized branches.",The observed outcome is enough to supervise the model.,"Contact mode support, embodiment limits, and deployment perturbations.","Branch collapse, hidden-mode shift, and tail-risk planning failures.",Generic world models and generic uncertainty are crowded.,Robotic common sense tests keeps action-critical alternatives explicit until a physical observation collapses them.
65,arxiv:2410.00371v1,AHA: A Vision-Language-Model for Detecting and Reasoning Over Failures in Robotic Manipulation,2024,arXiv,http://arxiv.org/abs/2410.00371v1,Addresses physical reasoning for robots or a neighboring robotics mechanism.,"Prior work usually predicts, ranks, filters, or imitates observed behavior rather than preserving unrealized branches.",The observed outcome is enough to supervise the model.,"Contact mode support, embodiment limits, and deployment perturbations.","Branch collapse, hidden-mode shift, and tail-risk planning failures.",Generic world models and generic uncertainty are crowded.,Robotic common sense tests keeps action-critical alternatives explicit until a physical observation collapses them.
66,doi:10.1186/s42400-025-00481-3,VIMAR: vision-language informed malware analysis and reasoning model,2026,Cybersecurity,https://doi.org/10.1186/s42400-025-00481-3,Addresses physical reasoning for robots or a neighboring robotics mechanism.,"Prior work usually predicts, ranks, filters, or imitates observed behavior rather than preserving unrealized branches.",The observed outcome is enough to supervise the model.,"Contact mode support, embodiment limits, and deployment perturbations.","Branch collapse, hidden-mode shift, and tail-risk planning failures.",Generic world models and generic uncertainty are crowded.,Robotic common sense tests keeps action-critical alternatives explicit until a physical observation collapses them.
67,doi:10.1609/aaai.v40i29.39677,Continuous Vision-Language-Action Co-Learning with Semantic-Physical Alignment for Behavioral Cloning,2026,Proceedings of the AAAI Conference on Artificial Intelligence,https://doi.org/10.1609/aaai.v40i29.39677,Addresses physical reasoning for robots or a neighboring robotics mechanism.,"Prior work usually predicts, ranks, filters, or imitates observed behavior rather than preserving unrealized branches.",The observed outcome is enough to supervise the model.,"Contact mode support, embodiment limits, and deployment perturbations.","Branch collapse, hidden-mode shift, and tail-risk planning failures.",Generic world models and generic uncertainty are crowded.,Robotic common sense tests keeps action-critical alternatives explicit until a physical observation collapses them.
68,doi:10.1101/2025.07.31.25331901,Enhancing Clinical Reasoning in Medical Vision-Language Model through Structured Prompts,,,https://doi.org/10.1101/2025.07.31.25331901,Addresses physical reasoning for robots or a neighboring robotics mechanism.,"Prior work usually predicts, ranks, filters, or imitates observed behavior rather than preserving unrealized branches.",The observed outcome is enough to supervise the model.,"Contact mode support, embodiment limits, and deployment perturbations.","Branch collapse, hidden-mode shift, and tail-risk planning failures.",Generic world models and generic uncertainty are crowded.,Robotic common sense tests keeps action-critical alternatives explicit until a physical observation collapses them.
69,doi:10.66967/jaics.2026.v2i103,Multimodal AI: PaLM-E’s Role in Vision–Language–Robotics & the Future of Efficient Fine-Tuning,2026,Journal of Artificial Intelligence & Control Systems,https://doi.org/10.66967/jaics.2026.v2i103,Addresses physical reasoning for robots or a neighboring robotics mechanism.,"Prior work usually predicts, ranks, filters, or imitates observed behavior rather than preserving unrealized branches.",The observed outcome is enough to supervise the model.,"Contact mode support, embodiment limits, and deployment perturbations.","Branch collapse, hidden-mode shift, and tail-risk planning failures.",Generic world models and generic uncertainty are crowded.,Robotic common sense tests keeps action-critical alternatives explicit until a physical observation collapses them.
70,doi:10.1109/icra40945.2020.9196783,Learning Affordance Space in Physical World for Vision-based Robotic Object Manipulation,2020,2020 IEEE International Conference on Robotics and Automation (ICRA),https://doi.org/10.1109/icra40945.2020.9196783,Addresses physical reasoning for robots or a neighboring robotics mechanism.,"Prior work usually predicts, ranks, filters, or imitates observed behavior rather than preserving unrealized branches.",The observed outcome is enough to supervise the model.,"Contact mode support, embodiment limits, and deployment perturbations.","Branch collapse, hidden-mode shift, and tail-risk planning failures.",Generic world models and generic uncertainty are crowded.,Robotic common sense tests keeps action-critical alternatives explicit until a physical observation collapses them.
71,doi:10.1016/j.phycom.2020.101168,Inverted pendulum model for turn-planning for biped robot,2020,Physical Communication,https://doi.org/10.1016/j.phycom.2020.101168,Addresses physical reasoning for robots or a neighboring robotics mechanism.,"Prior work usually predicts, ranks, filters, or imitates observed behavior rather than preserving unrealized branches.",The observed outcome is enough to supervise the model.,"Contact mode support, embodiment limits, and deployment perturbations.","Branch collapse, hidden-mode shift, and tail-risk planning failures.",Generic world models and generic uncertainty are crowded.,Robotic common sense tests keeps action-critical alternatives explicit until a physical observation collapses them.
72,doi:10.55524/ijirem.2026.13.2.23,Hierarchical Agentic AI Framework for Autonomous Task Planning using Large Language Model Reasoning,2026,International Journal of Innovative Research in Engineering and Management,https://doi.org/10.55524/ijirem.2026.13.2.23,Addresses physical reasoning for robots or a neighboring robotics mechanism.,"Prior work usually predicts, ranks, filters, or imitates observed behavior rather than preserving unrealized branches.",The observed outcome is enough to supervise the model.,"Contact mode support, embodiment limits, and deployment perturbations.","Branch collapse, hidden-mode shift, and tail-risk planning failures.",Generic world models and generic uncertainty are crowded.,Robotic common sense tests keeps action-critical alternatives explicit until a physical observation collapses them.
73,doi:10.2139/ssrn.6381654,KGER-PP: Knowledge Graph-Enhanced Reasoning for Process Planning based on Large Language Models,,,https://doi.org/10.2139/ssrn.6381654,Addresses physical reasoning for robots or a neighboring robotics mechanism.,"Prior work usually predicts, ranks, filters, or imitates observed behavior rather than preserving unrealized branches.",The observed outcome is enough to supervise the model.,"Contact mode support, embodiment limits, and deployment perturbations.","Branch collapse, hidden-mode shift, and tail-risk planning failures.",Generic world models and generic uncertainty are crowded.,Robotic common sense tests keeps action-critical alternatives explicit until a physical observation collapses them.
74,doi:10.1109/wacv61041.2025.00220,Scene-LLM: Extending Language Model for 3D Visual Reasoning,2025,2025 IEEE/CVF Winter Conference on Applications of Computer Vision (WACV),https://doi.org/10.1109/wacv61041.2025.00220,Addresses physical reasoning for robots or a neighboring robotics mechanism.,"Prior work usually predicts, ranks, filters, or imitates observed behavior rather than preserving unrealized branches.",The observed outcome is enough to supervise the model.,"Contact mode support, embodiment limits, and deployment perturbations.","Branch collapse, hidden-mode shift, and tail-risk planning failures.",Generic world models and generic uncertainty are crowded.,Robotic common sense tests keeps action-critical alternatives explicit until a physical observation collapses them.
75,doi:10.1109/cvpr52734.2025.00809,GLUS: Global-Local Reasoning Unified into A Single Large Language Model for Video Segmentation,2025,2025 IEEE/CVF Conference on Computer Vision and Pattern Recognition (CVPR),https://doi.org/10.1109/cvpr52734.2025.00809,Addresses physical reasoning for robots or a neighboring robotics mechanism.,"Prior work usually predicts, ranks, filters, or imitates observed behavior rather than preserving unrealized branches.",The observed outcome is enough to supervise the model.,"Contact mode support, embodiment limits, and deployment perturbations.","Branch collapse, hidden-mode shift, and tail-risk planning failures.",Generic world models and generic uncertainty are crowded.,Robotic common sense tests keeps action-critical alternatives explicit until a physical observation collapses them.
76,doi:10.1162/opmi_a_00159,Tangled Physics: Knots Strain Intuitive Physical Reasoning,2024,Open Mind,https://doi.org/10.1162/opmi_a_00159,Addresses physical reasoning for robots or a neighboring robotics mechanism.,"Prior work usually predicts, ranks, filters, or imitates observed behavior rather than preserving unrealized branches.",The observed outcome is enough to supervise the model.,"Contact mode support, embodiment limits, and deployment perturbations.","Branch collapse, hidden-mode shift, and tail-risk planning failures.",Generic world models and generic uncertainty are crowded.,Robotic common sense tests keeps action-critical alternatives explicit until a physical observation collapses them.
77,arxiv:2312.11562v5,A Survey of Reasoning with Foundation Models,2023,arXiv,http://arxiv.org/abs/2312.11562v5,Addresses physical reasoning for robots or a neighboring robotics mechanism.,"Prior work usually predicts, ranks, filters, or imitates observed behavior rather than preserving unrealized branches.",The observed outcome is enough to supervise the model.,"Contact mode support, embodiment limits, and deployment perturbations.","Branch collapse, hidden-mode shift, and tail-risk planning failures.",Generic world models and generic uncertainty are crowded.,Robotic common sense tests keeps action-critical alternatives explicit until a physical observation collapses them.
78,doi:10.3390/robotics15010023,Autonomous Mobile Robot Path Planning Techniques—A Review: Metaheuristic and Cognitive Techniques,2026,Robotics,https://doi.org/10.3390/robotics15010023,Addresses physical reasoning for robots or a neighboring robotics mechanism.,"Prior work usually predicts, ranks, filters, or imitates observed behavior rather than preserving unrealized branches.",The observed outcome is enough to supervise the model.,"Contact mode support, embodiment limits, and deployment perturbations.","Branch collapse, hidden-mode shift, and tail-risk planning failures.",Generic world models and generic uncertainty are crowded.,Robotic common sense tests keeps action-critical alternatives explicit until a physical observation collapses them.
79,arxiv:2308.16118v2,Response: Emergent analogical reasoning in large language models,2023,arXiv,http://arxiv.org/abs/2308.16118v2,Addresses physical reasoning for robots or a neighboring robotics mechanism.,"Prior work usually predicts, ranks, filters, or imitates observed behavior rather than preserving unrealized branches.",The observed outcome is enough to supervise the model.,"Contact mode support, embodiment limits, and deployment perturbations.","Branch collapse, hidden-mode shift, and tail-risk planning failures.",Generic world models and generic uncertainty are crowded.,Robotic common sense tests keeps action-critical alternatives explicit until a physical observation collapses them.
80,doi:10.66311/3070-6491.02.02.05,ARYA: A Physics-Constrained Composable & Deterministic World Model Architecture,2026,"Journal of Advanced Robotics, Autonomous Systems and Human-Machine Interaction",https://doi.org/10.66311/3070-6491.02.02.05,Addresses physical reasoning for robots or a neighboring robotics mechanism.,"Prior work usually predicts, ranks, filters, or imitates observed behavior rather than preserving unrealized branches.",The observed outcome is enough to supervise the model.,"Contact mode support, embodiment limits, and deployment perturbations.","Branch collapse, hidden-mode shift, and tail-risk planning failures.",Generic world models and generic uncertainty are crowded.,Robotic common sense tests keeps action-critical alternatives explicit until a physical observation collapses them.
81,doi:10.31224/6733,Graph-Fused Vision-Language-Action Models for Semantically Safe Dual-Robot Control via Control Barrier Functions,,,https://doi.org/10.31224/6733,Addresses physical reasoning for robots or a neighboring robotics mechanism.,"Prior work usually predicts, ranks, filters, or imitates observed behavior rather than preserving unrealized branches.",The observed outcome is enough to supervise the model.,"Contact mode support, embodiment limits, and deployment perturbations.","Branch collapse, hidden-mode shift, and tail-risk planning failures.",Generic world models and generic uncertainty are crowded.,Robotic common sense tests keeps action-critical alternatives explicit until a physical observation collapses them.
82,doi:10.1109/icra55743.2025.11127234,Commonsense Reasoning for Legged Robot Adaptation with Vision-Language Models,2025,2025 IEEE International Conference on Robotics and Automation (ICRA),https://doi.org/10.1109/icra55743.2025.11127234,Addresses physical reasoning for robots or a neighboring robotics mechanism.,"Prior work usually predicts, ranks, filters, or imitates observed behavior rather than preserving unrealized branches.",The observed outcome is enough to supervise the model.,"Contact mode support, embodiment limits, and deployment perturbations.","Branch collapse, hidden-mode shift, and tail-risk planning failures.",Generic world models and generic uncertainty are crowded.,Robotic common sense tests keeps action-critical alternatives explicit until a physical observation collapses them.
83,doi:10.1109/aetcse69203.2026.11504354,"Generalization in Vision-Language-Action Models: A Systematic Analysis of Architecture, Reasoning, Data Alignment, and Training Strategies",2026,"2026 9th International Conference on Advanced Electronic Technology, Computers and Software Engineering (AETCSE)",https://doi.org/10.1109/aetcse69203.2026.11504354,Addresses physical reasoning for robots or a neighboring robotics mechanism.,"Prior work usually predicts, ranks, filters, or imitates observed behavior rather than preserving unrealized branches.",The observed outcome is enough to supervise the model.,"Contact mode support, embodiment limits, and deployment perturbations.","Branch collapse, hidden-mode shift, and tail-risk planning failures.",Generic world models and generic uncertainty are crowded.,Robotic common sense tests keeps action-critical alternatives explicit until a physical observation collapses them.
84,doi:10.1109/dlcv65218.2025.11088638,Rethinking Order: A Benchmark for Small Language Model Reasoning,2025,2025 IEEE 2nd International Conference on Deep Learning and Computer Vision (DLCV),https://doi.org/10.1109/dlcv65218.2025.11088638,Addresses physical reasoning for robots or a neighboring robotics mechanism.,"Prior work usually predicts, ranks, filters, or imitates observed behavior rather than preserving unrealized branches.",The observed outcome is enough to supervise the model.,"Contact mode support, embodiment limits, and deployment perturbations.","Branch collapse, hidden-mode shift, and tail-risk planning failures.",Generic world models and generic uncertainty are crowded.,Robotic common sense tests keeps action-critical alternatives explicit until a physical observation collapses them.
85,arxiv:2406.10721v1,RoboPoint: A Vision-Language Model for Spatial Affordance Prediction for Robotics,2024,arXiv,http://arxiv.org/abs/2406.10721v1,Addresses physical reasoning for robots or a neighboring robotics mechanism.,"Prior work usually predicts, ranks, filters, or imitates observed behavior rather than preserving unrealized branches.",The observed outcome is enough to supervise the model.,"Contact mode support, embodiment limits, and deployment perturbations.","Branch collapse, hidden-mode shift, and tail-risk planning failures.",Generic world models and generic uncertainty are crowded.,Robotic common sense tests keeps action-critical alternatives explicit until a physical observation collapses them.
86,doi:10.1093/ptj/pzy011,Non–Small Cell Lung Carcinoma: Clinical Reasoning in the Management of a Patient Referred to Physical Therapy for Costochondritis,2018,Physical Therapy,https://doi.org/10.1093/ptj/pzy011,Addresses physical reasoning for robots or a neighboring robotics mechanism.,"Prior work usually predicts, ranks, filters, or imitates observed behavior rather than preserving unrealized branches.",The observed outcome is enough to supervise the model.,"Contact mode support, embodiment limits, and deployment perturbations.","Branch collapse, hidden-mode shift, and tail-risk planning failures.",Generic world models and generic uncertainty are crowded.,Robotic common sense tests keeps action-critical alternatives explicit until a physical observation collapses them.
87,doi:10.3390/info16110939,ZeroDay-LLM: A Large Language Model Framework for Zero-Day Threat Detection in Cybersecurity,2025,Information,https://doi.org/10.3390/info16110939,Addresses physical reasoning for robots or a neighboring robotics mechanism.,"Prior work usually predicts, ranks, filters, or imitates observed behavior rather than preserving unrealized branches.",The observed outcome is enough to supervise the model.,"Contact mode support, embodiment limits, and deployment perturbations.","Branch collapse, hidden-mode shift, and tail-risk planning failures.",Generic world models and generic uncertainty are crowded.,Robotic common sense tests keeps action-critical alternatives explicit until a physical observation collapses them.
88,doi:10.1093/ptj/pzx028,Patterns of Clinical Reasoning in Physical Therapist Students,2017,Physical Therapy,https://doi.org/10.1093/ptj/pzx028,Addresses physical reasoning for robots or a neighboring robotics mechanism.,"Prior work usually predicts, ranks, filters, or imitates observed behavior rather than preserving unrealized branches.",The observed outcome is enough to supervise the model.,"Contact mode support, embodiment limits, and deployment perturbations.","Branch collapse, hidden-mode shift, and tail-risk planning failures.",Generic world models and generic uncertainty are crowded.,Robotic common sense tests keeps action-critical alternatives explicit until a physical observation collapses them.
89,arxiv:2410.05628v5,A Unified Framework for Motion Reasoning and Generation in Human Interaction,2024,arXiv,http://arxiv.org/abs/2410.05628v5,Addresses physical reasoning for robots or a neighboring robotics mechanism.,"Prior work usually predicts, ranks, filters, or imitates observed behavior rather than preserving unrealized branches.",The observed outcome is enough to supervise the model.,"Contact mode support, embodiment limits, and deployment perturbations.","Branch collapse, hidden-mode shift, and tail-risk planning failures.",Generic world models and generic uncertainty are crowded.,Robotic common sense tests keeps action-critical alternatives explicit until a physical observation collapses them.
90,doi:10.1093/ptj/pzz044,Predictors of Clinical Reasoning Using the Reasoning 4 Change Instrument With Physical Therapist Students,2019,Physical Therapy,https://doi.org/10.1093/ptj/pzz044,Addresses physical reasoning for robots or a neighboring robotics mechanism.,"Prior work usually predicts, ranks, filters, or imitates observed behavior rather than preserving unrealized branches.",The observed outcome is enough to supervise the model.,"Contact mode support, embodiment limits, and deployment perturbations.","Branch collapse, hidden-mode shift, and tail-risk planning failures.",Generic world models and generic uncertainty are crowded.,Robotic common sense tests keeps action-critical alternatives explicit until a physical observation collapses them.
91,doi:10.1016/j.concog.2021.103076,Intentional action and limitation of personal autonomy. Do restrictions of action selection decrease the sense of agency?,2021,Consciousness and Cognition,https://doi.org/10.1016/j.concog.2021.103076,Addresses physical reasoning for robots or a neighboring robotics mechanism.,"Prior work usually predicts, ranks, filters, or imitates observed behavior rather than preserving unrealized branches.",The observed outcome is enough to supervise the model.,"Contact mode support, embodiment limits, and deployment perturbations.","Branch collapse, hidden-mode shift, and tail-risk planning failures.",Generic world models and generic uncertainty are crowded.,Robotic common sense tests keeps action-critical alternatives explicit until a physical observation collapses them.
92,doi:10.3390/app132011219,Variable Admittance Control in Sliding Mode for Robust Physical Human–Robot Interaction,2023,Applied Sciences,https://doi.org/10.3390/app132011219,Addresses physical reasoning for robots or a neighboring robotics mechanism.,"Prior work usually predicts, ranks, filters, or imitates observed behavior rather than preserving unrealized branches.",The observed outcome is enough to supervise the model.,"Contact mode support, embodiment limits, and deployment perturbations.","Branch collapse, hidden-mode shift, and tail-risk planning failures.",Generic world models and generic uncertainty are crowded.,Robotic common sense tests keeps action-critical alternatives explicit until a physical observation collapses them.
93,doi:10.12998/wjcc.v12.i8.1382,Latest updates on structure and recommendations of cardiac rehabilitation programs in chronic heart failure,2024,World Journal of Clinical Cases,https://doi.org/10.12998/wjcc.v12.i8.1382,Addresses physical reasoning for robots or a neighboring robotics mechanism.,"Prior work usually predicts, ranks, filters, or imitates observed behavior rather than preserving unrealized branches.",The observed outcome is enough to supervise the model.,"Contact mode support, embodiment limits, and deployment perturbations.","Branch collapse, hidden-mode shift, and tail-risk planning failures.",Generic world models and generic uncertainty are crowded.,Robotic common sense tests keeps action-critical alternatives explicit until a physical observation collapses them.
94,arxiv:2602.21161v1,ActionReasoning: Robot Action Reasoning in 3D Space with LLM for Robotic Brick Stacking,2026,arXiv,http://arxiv.org/abs/2602.21161v1,Addresses physical reasoning for robots or a neighboring robotics mechanism.,"Prior work usually predicts, ranks, filters, or imitates observed behavior rather than preserving unrealized branches.",The observed outcome is enough to supervise the model.,"Contact mode support, embodiment limits, and deployment perturbations.","Branch collapse, hidden-mode shift, and tail-risk planning failures.",Generic world models and generic uncertainty are crowded.,Robotic common sense tests keeps action-critical alternatives explicit until a physical observation collapses them.
95,doi:10.29140/lea.v6n1.1180,The use and impact of pre-task planning time in the monologic task of LanguageCert speaking tests,2023,Language Education & Assessment,https://doi.org/10.29140/lea.v6n1.1180,Addresses physical reasoning for robots or a neighboring robotics mechanism.,"Prior work usually predicts, ranks, filters, or imitates observed behavior rather than preserving unrealized branches.",The observed outcome is enough to supervise the model.,"Contact mode support, embodiment limits, and deployment perturbations.","Branch collapse, hidden-mode shift, and tail-risk planning failures.",Generic world models and generic uncertainty are crowded.,Robotic common sense tests keeps action-critical alternatives explicit until a physical observation collapses them.
96,arxiv:2602.11291v2,H-WM: Robotic Task and Motion Planning Guided by Hierarchical World Model,2026,arXiv,http://arxiv.org/abs/2602.11291v2,Addresses physical reasoning for robots or a neighboring robotics mechanism.,"Prior work usually predicts, ranks, filters, or imitates observed behavior rather than preserving unrealized branches.",The observed outcome is enough to supervise the model.,"Contact mode support, embodiment limits, and deployment perturbations.","Branch collapse, hidden-mode shift, and tail-risk planning failures.",Generic world models and generic uncertainty are crowded.,Robotic common sense tests keeps action-critical alternatives explicit until a physical observation collapses them.
97,doi:10.1080/01691864.2025.2535676,Text-driven affordance learning from egocentric vision,2025,Advanced Robotics,https://doi.org/10.1080/01691864.2025.2535676,Addresses physical reasoning for robots or a neighboring robotics mechanism.,"Prior work usually predicts, ranks, filters, or imitates observed behavior rather than preserving unrealized branches.",The observed outcome is enough to supervise the model.,"Contact mode support, embodiment limits, and deployment perturbations.","Branch collapse, hidden-mode shift, and tail-risk planning failures.",Generic world models and generic uncertainty are crowded.,Robotic common sense tests keeps action-critical alternatives explicit until a physical observation collapses them.
98,doi:10.1109/lra.2021.3083581,Safety-Aware Nonlinear Model Predictive Control for Physical Human-Robot Interaction,2021,IEEE Robotics and Automation Letters,https://doi.org/10.1109/lra.2021.3083581,Addresses physical reasoning for robots or a neighboring robotics mechanism.,"Prior work usually predicts, ranks, filters, or imitates observed behavior rather than preserving unrealized branches.",The observed outcome is enough to supervise the model.,"Contact mode support, embodiment limits, and deployment perturbations.","Branch collapse, hidden-mode shift, and tail-risk planning failures.",Generic world models and generic uncertainty are crowded.,Robotic common sense tests keeps action-critical alternatives explicit until a physical observation collapses them.
99,doi:10.1115/1.4046331,Time Optimal Trajectories for a Mobile Robot Under Nonsliding and Radius-of-Turn Constraints,2020,"Journal of Dynamic Systems, Measurement, and Control",https://doi.org/10.1115/1.4046331,Addresses physical reasoning for robots or a neighboring robotics mechanism.,"Prior work usually predicts, ranks, filters, or imitates observed behavior rather than preserving unrealized branches.",The observed outcome is enough to supervise the model.,"Contact mode support, embodiment limits, and deployment perturbations.","Branch collapse, hidden-mode shift, and tail-risk planning failures.",Generic world models and generic uncertainty are crowded.,Robotic common sense tests keeps action-critical alternatives explicit until a physical observation collapses them.
100,doi:10.1109/3dv66043.2025.00112,Reason3D: Searching and Reasoning 3D Segmentation via Large Language Model,2025,2025 International Conference on 3D Vision (3DV),https://doi.org/10.1109/3dv66043.2025.00112,Addresses physical reasoning for robots or a neighboring robotics mechanism.,"Prior work usually predicts, ranks, filters, or imitates observed behavior rather than preserving unrealized branches.",The observed outcome is enough to supervise the model.,"Contact mode support, embodiment limits, and deployment perturbations.","Branch collapse, hidden-mode shift, and tail-risk planning failures.",Generic world models and generic uncertainty are crowded.,Robotic common sense tests keeps action-critical alternatives explicit until a physical observation collapses them.
